ncm;descricao;categoria;fundamento_legal;vigencia_inicio;
02013000;NCM 02013000;GERAL;Regra geral (sem tratamento especial mapeado);2026-01-01;
02023000;NCM 02023000;GERAL;Regra geral (sem tratamento especial mapeado);2026-01-01;
02061000;NCM 02061000;GERAL;Regra geral (sem tratamento especial mapeado);2026-01-01;
02062900;NCM 02062900;GERAL;Regra geral (sem tratamento especial mapeado);2026-01-01;
02071100;NCM 02071100;GERAL;Regra geral (sem tratamento especial mapeado);2026-01-01;
02071200;NCM 02071200;GERAL;Regra geral (sem tratamento especial mapeado);2026-01-01;
02071210;NCM 02071210;GERAL;Regra geral (sem tratamento especial mapeado);2026-01-01;
02071220;NCM 02071220;GERAL;Regra geral (sem tratamento especial mapeado);2026-01-01;
02071300;NCM 02071300;GERAL;Regra geral (sem tratamento especial mapeado);2026-01-01;
02071400;NCM 02071400;GERAL;Regra geral (sem tratamento especial mapeado);2026-01-01;
02071411;NCM 02071411;GERAL;Regra geral (sem tratamento especial mapeado);2026-01-01;
02101900;NCM 02101900;AGRO;LC 214/2025 Anexo IX;2026-01-01;
02102000;NCM 02102000;AGRO;LC 214/2025 Anexo IX;2026-01-01;
04015021;NCM 04015021;ALIMENTOS_IN_NATURA;LC 214/2025 Anexo XV;2026-01-01;
04022110;NCM 04022110;ALIMENTOS_IN_NATURA;LC 214/2025 Anexo XV;2026-01-01;
04022130;NCM 04022130;ALIMENTOS_IN_NATURA;LC 214/2025 Anexo XV;2026-01-01;
04029900;NCM 04029900;ALIMENTOS_IN_NATURA;LC 214/2025 Anexo XV;2026-01-01;
04031000;NCM 04031000;ALIMENTOS_IN_NATURA;LC 214/2025 Anexo XV;2026-01-01;
04032000;NCM 04032000;ALIMENTOS_IN_NATURA;LC 214/2025 Anexo XV;2026-01-01;
04039000;NCM 04039000;ALIMENTOS_IN_NATURA;LC 214/2025 Anexo XV;2026-01-01;
04051000;NCM 04051000;ALIMENTOS_IN_NATURA;LC 214/2025 Anexo XV;2026-01-01;
04061010;NCM 04061010;ALIMENTOS_IN_NATURA;LC 214/2025 Anexo XV;2026-01-01;
04061090;NCM 04061090;ALIMENTOS_IN_NATURA;LC 214/2025 Anexo XV;2026-01-01;
04062000;NCM 04062000;ALIMENTOS_IN_NATURA;LC 214/2025 Anexo XV;2026-01-01;
04070000;NCM 04070000;ALIMENTOS_IN_NATURA;LC 214/2025 Anexo XV;2026-01-01;
04070011;NCM 04070011;ALIMENTOS_IN_NATURA;LC 214/2025 Anexo XV;2026-01-01;
07020000;Produtos hortícolas das posições , , , , , , , , e , exceto os cogumelos e trufas classificados na subposição e no código da NCM/SH;ALIMENTOS_IN_NATURA;LC 214/2025 Anexo XV;2026-01-01;
07032090;NCM 07032090;ALIMENTOS_IN_NATURA;LC 214/2025 Anexo XV;2026-01-01;
07095100;NCM 07095100;ALIMENTOS_IN_NATURA;LC 214/2025 Anexo XV;2026-01-01;
07096000;NCM 07096000;ALIMENTOS_IN_NATURA;LC 214/2025 Anexo XV;2026-01-01;
07104000;NCM 07104000;ALIMENTOS_IN_NATURA;LC 214/2025 Anexo XV;2026-01-01;
07133319;NCM 07133319;ALIMENTOS_IN_NATURA;LC 214/2025 Anexo XV;2026-01-01;
07133399;NCM 07133399;ALIMENTOS_IN_NATURA;LC 214/2025 Anexo XV;2026-01-01;
08011100;NCM 08011100;ALIMENTOS_IN_NATURA;LC 214/2025 Anexo XV;2026-01-01;
08029000;NCM 08029000;ALIMENTOS_IN_NATURA;LC 214/2025 Anexo XV;2026-01-01;
08039000;NCM 08039000;ALIMENTOS_IN_NATURA;LC 214/2025 Anexo XV;2026-01-01;
08045020;NCM 08045020;ALIMENTOS_IN_NATURA;LC 214/2025 Anexo XV;2026-01-01;
08052000;NCM 08052000;ALIMENTOS_IN_NATURA;LC 214/2025 Anexo XV;2026-01-01;
08052100;NCM 08052100;ALIMENTOS_IN_NATURA;LC 214/2025 Anexo XV;2026-01-01;
08055000;NCM 08055000;ALIMENTOS_IN_NATURA;LC 214/2025 Anexo XV;2026-01-01;
08071100;NCM 08071100;ALIMENTOS_IN_NATURA;LC 214/2025 Anexo XV;2026-01-01;
08081000;NCM 08081000;ALIMENTOS_IN_NATURA;LC 214/2025 Anexo XV;2026-01-01;
08084000;NCM 08084000;ALIMENTOS_IN_NATURA;LC 214/2025 Anexo XV;2026-01-01;
08105000;NCM 08105000;ALIMENTOS_IN_NATURA;LC 214/2025 Anexo XV;2026-01-01;
08119000;NCM 08119000;ALIMENTOS_IN_NATURA;LC 214/2025 Anexo XV;2026-01-01;
08135000;NCM 08135000;ALIMENTOS_IN_NATURA;LC 214/2025 Anexo XV;2026-01-01;
08140000;NCM 08140000;ALIMENTOS_IN_NATURA;LC 214/2025 Anexo XV;2026-01-01;
09012100;NCM 09012100;ALIMENTOS_IN_NATURA;LC 214/2025 Anexo XV;2026-01-01;
09030090;NCM 09030090;ALIMENTOS_IN_NATURA;LC 214/2025 Anexo XV;2026-01-01;
09041100;NCM 09041100;ALIMENTOS_IN_NATURA;LC 214/2025 Anexo XV;2026-01-01;
09042100;NCM 09042100;ALIMENTOS_IN_NATURA;LC 214/2025 Anexo XV;2026-01-01;
09042200;NCM 09042200;ALIMENTOS_IN_NATURA;LC 214/2025 Anexo XV;2026-01-01;
09061100;NCM 09061100;ALIMENTOS_IN_NATURA;LC 214/2025 Anexo XV;2026-01-01;
09071000;NCM 09071000;ALIMENTOS_IN_NATURA;LC 214/2025 Anexo XV;2026-01-01;
09093200;NCM 09093200;ALIMENTOS_IN_NATURA;LC 214/2025 Anexo XV;2026-01-01;
09096110;NCM 09096110;ALIMENTOS_IN_NATURA;LC 214/2025 Anexo XV;2026-01-01;
09102000;NCM 09102000;ALIMENTOS_IN_NATURA;LC 214/2025 Anexo XV;2026-01-01;
09109100;NCM 09109100;ALIMENTOS_IN_NATURA;LC 214/2025 Anexo XV;2026-01-01;
09109900;NCM 09109900;ALIMENTOS_IN_NATURA;LC 214/2025 Anexo XV;2026-01-01;
10059090;NCM 10059090;EQUIP_MEDICO;LC 214/2025 Anexo XII;2026-01-01;
10062010;NCM 10062010;EQUIP_MEDICO;LC 214/2025 Anexo XII;2026-01-01;
10063011;NCM 10063011;EQUIP_MEDICO;LC 214/2025 Anexo XII;2026-01-01;
10063021;NCM 10063021;EQUIP_MEDICO;LC 214/2025 Anexo XII;2026-01-01;
11010010;NCM 11010010;EQUIP_MEDICO;LC 214/2025 Anexo XII;2026-01-01;
11022000;NCM 11022000;EQUIP_MEDICO;LC 214/2025 Anexo XII;2026-01-01;
11041200;NCM 11041200;EQUIP_MEDICO;LC 214/2025 Anexo XII;2026-01-01;
11041900;NCM 11041900;EQUIP_MEDICO;LC 214/2025 Anexo XII;2026-01-01;
11042300;NCM 11042300;EQUIP_MEDICO;LC 214/2025 Anexo XII;2026-01-01;
11042900;NCM 11042900;EQUIP_MEDICO;LC 214/2025 Anexo XII;2026-01-01;
11062000;NCM 11062000;EQUIP_MEDICO;LC 214/2025 Anexo XII;2026-01-01;
11062001;NCM 11062001;EQUIP_MEDICO;LC 214/2025 Anexo XII;2026-01-01;
11081200;NCM 11081200;EQUIP_MEDICO;LC 214/2025 Anexo XII;2026-01-01;
11081400;NCM 11081400;EQUIP_MEDICO;LC 214/2025 Anexo XII;2026-01-01;
12119010;NCM 12119010;EQUIP_MEDICO;LC 214/2025 Anexo XII;2026-01-01;
12119090;NCM 12119090;EQUIP_MEDICO;LC 214/2025 Anexo XII;2026-01-01;
13021019;NCM 13021019;EQUIP_MEDICO;LC 214/2025 Anexo XII;2026-01-01;
14011000;NCM 14011000;EQUIP_MEDICO;LC 214/2025 Anexo XII;2026-01-01;
15079011;NCM 15079011;EQUIP_MEDICO;LC 214/2025 Anexo XII;2026-01-01;
15099010;NCM 15099010;EQUIP_MEDICO;LC 214/2025 Anexo XII;2026-01-01;
15111000;NCM 15111000;EQUIP_MEDICO;LC 214/2025 Anexo XII;2026-01-01;
15153000;NCM 15153000;EQUIP_MEDICO;LC 214/2025 Anexo XII;2026-01-01;
15162000;NCM 15162000;EQUIP_MEDICO;LC 214/2025 Anexo XII;2026-01-01;
15171000;NCM 15171000;EQUIP_MEDICO;LC 214/2025 Anexo XII;2026-01-01;
15179010;NCM 15179010;EQUIP_MEDICO;LC 214/2025 Anexo XII;2026-01-01;
15426262;NCM 15426262;EQUIP_MEDICO;LC 214/2025 Anexo XII;2026-01-01;
16010000;NCM 16010000;EQUIP_MEDICO;LC 214/2025 Anexo XII;2026-01-01;
16023100;NCM 16023100;EQUIP_MEDICO;LC 214/2025 Anexo XII;2026-01-01;
16023210;NCM 16023210;EQUIP_MEDICO;LC 214/2025 Anexo XII;2026-01-01;
16023220;NCM 16023220;EQUIP_MEDICO;LC 214/2025 Anexo XII;2026-01-01;
16023230;NCM 16023230;EQUIP_MEDICO;LC 214/2025 Anexo XII;2026-01-01;
16025000;NCM 16025000;EQUIP_MEDICO;LC 214/2025 Anexo XII;2026-01-01;
16041310;NCM 16041310;EQUIP_MEDICO;LC 214/2025 Anexo XII;2026-01-01;
16041410;NCM 16041410;EQUIP_MEDICO;LC 214/2025 Anexo XII;2026-01-01;
16041500;NCM 16041500;EQUIP_MEDICO;LC 214/2025 Anexo XII;2026-01-01;
16042010;NCM 16042010;EQUIP_MEDICO;LC 214/2025 Anexo XII;2026-01-01;
16042030;NCM 16042030;EQUIP_MEDICO;LC 214/2025 Anexo XII;2026-01-01;
17011300;NCM 17011300;EQUIP_MEDICO;LC 214/2025 Anexo XII;2026-01-01;
17011400;NCM 17011400;EQUIP_MEDICO;LC 214/2025 Anexo XII;2026-01-01;
17019900;NCM 17019900;EQUIP_MEDICO;LC 214/2025 Anexo XII;2026-01-01;
17041000;NCM 17041000;EQUIP_MEDICO;LC 214/2025 Anexo XII;2026-01-01;
17049020;NCM 17049020;EQUIP_MEDICO;LC 214/2025 Anexo XII;2026-01-01;
17049090;NCM 17049090;EQUIP_MEDICO;LC 214/2025 Anexo XII;2026-01-01;
18063110;NCM 18063110;AGRO;LC 214/2025 Anexo IX;2026-01-01;
18069000;NCM 18069000;AGRO;LC 214/2025 Anexo IX;2026-01-01;
19011000;Serviços de pulverização e controle de pragas;AGRO;LC 214/2025 Anexo IX;2026-01-01;
19011010;NCM 19011010;AGRO;LC 214/2025 Anexo IX;2026-01-01;
19011020;NCM 19011020;AGRO;LC 214/2025 Anexo IX;2026-01-01;
19011030;NCM 19011030;AGRO;LC 214/2025 Anexo IX;2026-01-01;
19011090;NCM 19011090;AGRO;LC 214/2025 Anexo IX;2026-01-01;
19012000;NCM 19012000;AGRO;LC 214/2025 Anexo IX;2026-01-01;
19019020;NCM 19019020;AGRO;LC 214/2025 Anexo IX;2026-01-01;
19019090;NCM 19019090;AGRO;LC 214/2025 Anexo IX;2026-01-01;
19019900;NCM 19019900;AGRO;LC 214/2025 Anexo IX;2026-01-01;
19021100;NCM 19021100;AGRO;LC 214/2025 Anexo IX;2026-01-01;
19021900;NCM 19021900;AGRO;LC 214/2025 Anexo IX;2026-01-01;
19022000;NCM 19022000;AGRO;LC 214/2025 Anexo IX;2026-01-01;
19023000;NCM 19023000;AGRO;LC 214/2025 Anexo IX;2026-01-01;
19041000;NCM 19041000;AGRO;LC 214/2025 Anexo IX;2026-01-01;
19042000;NCM 19042000;AGRO;LC 214/2025 Anexo IX;2026-01-01;
19052010;NCM 19052010;AGRO;LC 214/2025 Anexo IX;2026-01-01;
19052090;NCM 19052090;AGRO;LC 214/2025 Anexo IX;2026-01-01;
19053100;NCM 19053100;AGRO;LC 214/2025 Anexo IX;2026-01-01;
19053200;NCM 19053200;AGRO;LC 214/2025 Anexo IX;2026-01-01;
19054000;NCM 19054000;AGRO;LC 214/2025 Anexo IX;2026-01-01;
19059010;NCM 19059010;AGRO;LC 214/2025 Anexo IX;2026-01-01;
19059020;NCM 19059020;AGRO;LC 214/2025 Anexo IX;2026-01-01;
19059090;NCM 19059090;AGRO;LC 214/2025 Anexo IX;2026-01-01;
20019000;NCM 20019000;AGRO;LC 214/2025 Anexo IX;2026-01-01;
20021000;NCM 20021000;AGRO;LC 214/2025 Anexo IX;2026-01-01;
20029000;NCM 20029000;AGRO;LC 214/2025 Anexo IX;2026-01-01;
20029090;NCM 20029090;AGRO;LC 214/2025 Anexo IX;2026-01-01;
20052000;NCM 20052000;AGRO;LC 214/2025 Anexo IX;2026-01-01;
20054000;NCM 20054000;AGRO;LC 214/2025 Anexo IX;2026-01-01;
20057000;NCM 20057000;AGRO;LC 214/2025 Anexo IX;2026-01-01;
20058000;NCM 20058000;AGRO;LC 214/2025 Anexo IX;2026-01-01;
20059900;NCM 20059900;AGRO;LC 214/2025 Anexo IX;2026-01-01;
20071000;NCM 20071000;AGRO;LC 214/2025 Anexo IX;2026-01-01;
20079910;NCM 20079910;AGRO;LC 214/2025 Anexo IX;2026-01-01;
20079990;NCM 20079990;AGRO;LC 214/2025 Anexo IX;2026-01-01;
20081100;NCM 20081100;AGRO;LC 214/2025 Anexo IX;2026-01-01;
20089900;NCM 20089900;AGRO;LC 214/2025 Anexo IX;2026-01-01;
20091900;NCM 20091900;AGRO;LC 214/2025 Anexo IX;2026-01-01;
20098000;NCM 20098000;AGRO;LC 214/2025 Anexo IX;2026-01-01;
20098913;NCM 20098913;AGRO;LC 214/2025 Anexo IX;2026-01-01;
20098921;NCM 20098921;AGRO;LC 214/2025 Anexo IX;2026-01-01;
20098990;NCM 20098990;AGRO;LC 214/2025 Anexo IX;2026-01-01;
20099000;NCM 20099000;AGRO;LC 214/2025 Anexo IX;2026-01-01;
21011110;NCM 21011110;EQUIP_MEDICO;LC 214/2025 Anexo XII;2026-01-01;
21021090;NCM 21021090;EQUIP_MEDICO;LC 214/2025 Anexo XII;2026-01-01;
21023000;NCM 21023000;EQUIP_MEDICO;LC 214/2025 Anexo XII;2026-01-01;
21031010;NCM 21031010;EQUIP_MEDICO;LC 214/2025 Anexo XII;2026-01-01;
21032010;NCM 21032010;EQUIP_MEDICO;LC 214/2025 Anexo XII;2026-01-01;
21032090;NCM 21032090;EQUIP_MEDICO;LC 214/2025 Anexo XII;2026-01-01;
21033021;NCM 21033021;EQUIP_MEDICO;LC 214/2025 Anexo XII;2026-01-01;
21039011;NCM 21039011;EQUIP_MEDICO;LC 214/2025 Anexo XII;2026-01-01;
21039021;NCM 21039021;EQUIP_MEDICO;LC 214/2025 Anexo XII;2026-01-01;
21039029;NCM 21039029;EQUIP_MEDICO;LC 214/2025 Anexo XII;2026-01-01;
21039091;NCM 21039091;EQUIP_MEDICO;LC 214/2025 Anexo XII;2026-01-01;
21041011;NCM 21041011;EQUIP_MEDICO;LC 214/2025 Anexo XII;2026-01-01;
21041019;NCM 21041019;EQUIP_MEDICO;LC 214/2025 Anexo XII;2026-01-01;
21050010;NCM 21050010;EQUIP_MEDICO;LC 214/2025 Anexo XII;2026-01-01;
21069010;NCM 21069010;EQUIP_MEDICO;LC 214/2025 Anexo XII;2026-01-01;
21069090;NCM 21069090;EQUIP_MEDICO;LC 214/2025 Anexo XII;2026-01-01;
22021000;NCM 22021000;AGRO;LC 214/2025 Anexo IX;2026-01-01;
22029000;NCM 22029000;AGRO;LC 214/2025 Anexo IX;2026-01-01;
22029900;NCM 22029900;AGRO;LC 214/2025 Anexo IX;2026-01-01;
22030000;NCM 22030000;AGRO;LC 214/2025 Anexo IX;2026-01-01;
22041090;NCM 22041090;AGRO;LC 214/2025 Anexo IX;2026-01-01;
22042100;NCM 22042100;AGRO;LC 214/2025 Anexo IX;2026-01-01;
22071090;NCM 22071090;AGRO;LC 214/2025 Anexo IX;2026-01-01;
22090000;NCM 22090000;AGRO;LC 214/2025 Anexo IX;2026-01-01;
23091000;NCM 23091000;AGRO;LC 214/2025 Anexo IX;2026-01-01;
23099010;NCM 23099010;AGRO;LC 214/2025 Anexo IX;2026-01-01;
23099090;NCM 23099090;AGRO;LC 214/2025 Anexo IX;2026-01-01;
23563000;NCM 23563000;AGRO;LC 214/2025 Anexo IX;2026-01-01;
24021000;NCM 24021000;AGRO;LC 214/2025 Anexo IX;2026-01-01;
24022000;NCM 24022000;AGRO;LC 214/2025 Anexo IX;2026-01-01;
25010020;NCM 25010020;AGRO;LC 214/2025 Anexo IX;2026-01-01;
25051000;NCM 25051000;AGRO;LC 214/2025 Anexo IX;2026-01-01;
25059000;NCM 25059000;AGRO;LC 214/2025 Anexo IX;2026-01-01;
25155151;NCM 25155151;AGRO;LC 214/2025 Anexo IX;2026-01-01;
25171000;NCM 25171000;AGRO;LC 214/2025 Anexo IX;2026-01-01;
25202090;NCM 25202090;AGRO;LC 214/2025 Anexo IX;2026-01-01;
25232100;NCM 25232100;AGRO;LC 214/2025 Anexo IX;2026-01-01;
25232910;NCM 25232910;AGRO;LC 214/2025 Anexo IX;2026-01-01;
25612626;NCM 25612626;AGRO;LC 214/2025 Anexo IX;2026-01-01;
27012000;NCM 27012000;AGRO;LC 214/2025 Anexo IX;2026-01-01;
27101229;NCM 27101229;AGRO;LC 214/2025 Anexo IX;2026-01-01;
27101230;NCM 27101230;AGRO;LC 214/2025 Anexo IX;2026-01-01;
27101919;NCM 27101919;AGRO;LC 214/2025 Anexo IX;2026-01-01;
27101931;NCM 27101931;AGRO;LC 214/2025 Anexo IX;2026-01-01;
27101932;NCM 27101932;AGRO;LC 214/2025 Anexo IX;2026-01-01;
27101999;NCM 27101999;AGRO;LC 214/2025 Anexo IX;2026-01-01;
27150000;NCM 27150000;AGRO;LC 214/2025 Anexo IX;2026-01-01;
28011000;NCM 28011000;AGRO;LC 214/2025 Anexo IX;2026-01-01;
28151100;"Ácido nítrico, ácido sulfúrico, ácido fosfórico, fosfatos de cálcio naturais, enxofre, ácido clorídrico, ácido fosforoso, ácido acético, hidróxido de sódio e carbonato dissódico; todos destinados diretamente à fabricação de fertilizantes";AGRO;LC 214/2025 Anexo IX;2026-01-01;
28151200;"Ácido nítrico, ácido sulfúrico, ácido fosfórico, fosfatos de cálcio naturais, enxofre, ácido clorídrico, ácido fosforoso, ácido acético, hidróxido de sódio e carbonato dissódico; todos destinados diretamente à fabricação de fertilizantes";AGRO;LC 214/2025 Anexo IX;2026-01-01;
28249010;NCM 28249010;AGRO;LC 214/2025 Anexo IX;2026-01-01;
28289010;NCM 28289010;AGRO;LC 214/2025 Anexo IX;2026-01-01;
28289011;NCM 28289011;AGRO;LC 214/2025 Anexo IX;2026-01-01;
28363000;NCM 28363000;AGRO;LC 214/2025 Anexo IX;2026-01-01;
29012900;NCM 29012900;AGRO;LC 214/2025 Anexo IX;2026-01-01;
29029020;NCM 29029020;AGRO;LC 214/2025 Anexo IX;2026-01-01;
29037300;NCM 29037300;AGRO;LC 214/2025 Anexo IX;2026-01-01;
29039130;NCM 29039130;AGRO;LC 214/2025 Anexo IX;2026-01-01;
29153100;NCM 29153100;AGRO;LC 214/2025 Anexo IX;2026-01-01;
30059090;NCM 30059090;AGRO;LC 214/2025 Anexo IX;2026-01-01;
30067000;NCM 30067000;AGRO;LC 214/2025 Anexo IX;2026-01-01;
32041400;NCM 32041400;AGRO;LC 214/2025 Anexo IX;2026-01-01;
32041700;NCM 32041700;AGRO;LC 214/2025 Anexo IX;2026-01-01;
32050000;NCM 32050000;AGRO;LC 214/2025 Anexo IX;2026-01-01;
32064100;NCM 32064100;AGRO;LC 214/2025 Anexo IX;2026-01-01;
32064990;NCM 32064990;AGRO;LC 214/2025 Anexo IX;2026-01-01;
32073000;NCM 32073000;AGRO;LC 214/2025 Anexo IX;2026-01-01;
32081010;NCM 32081010;AGRO;LC 214/2025 Anexo IX;2026-01-01;
32081020;NCM 32081020;AGRO;LC 214/2025 Anexo IX;2026-01-01;
32081212;NCM 32081212;AGRO;LC 214/2025 Anexo IX;2026-01-01;
32082010;NCM 32082010;AGRO;LC 214/2025 Anexo IX;2026-01-01;
32082011;NCM 32082011;AGRO;LC 214/2025 Anexo IX;2026-01-01;
32082019;NCM 32082019;AGRO;LC 214/2025 Anexo IX;2026-01-01;
32082020;NCM 32082020;AGRO;LC 214/2025 Anexo IX;2026-01-01;
32089010;NCM 32089010;AGRO;LC 214/2025 Anexo IX;2026-01-01;
32089021;NCM 32089021;AGRO;LC 214/2025 Anexo IX;2026-01-01;
32089029;NCM 32089029;AGRO;LC 214/2025 Anexo IX;2026-01-01;
32091010;NCM 32091010;AGRO;LC 214/2025 Anexo IX;2026-01-01;
32091020;NCM 32091020;AGRO;LC 214/2025 Anexo IX;2026-01-01;
32091210;NCM 32091210;AGRO;LC 214/2025 Anexo IX;2026-01-01;
32100010;NCM 32100010;AGRO;LC 214/2025 Anexo IX;2026-01-01;
32141010;NCM 32141010;AGRO;LC 214/2025 Anexo IX;2026-01-01;
32141020;NCM 32141020;AGRO;LC 214/2025 Anexo IX;2026-01-01;
32149000;NCM 32149000;AGRO;LC 214/2025 Anexo IX;2026-01-01;
32159000;NCM 32159000;AGRO;LC 214/2025 Anexo IX;2026-01-01;
32269090;NCM 32269090;AGRO;LC 214/2025 Anexo IX;2026-01-01;
32391010;NCM 32391010;AGRO;LC 214/2025 Anexo IX;2026-01-01;
33029019;NCM 33029019;ESSENCIAL;LC 214/2025 Anexo VIII;2026-01-01;
33030010;NCM 33030010;ESSENCIAL;LC 214/2025 Anexo VIII;2026-01-01;
33043000;NCM 33043000;ESSENCIAL;LC 214/2025 Anexo VIII;2026-01-01;
33049100;NCM 33049100;ESSENCIAL;LC 214/2025 Anexo VIII;2026-01-01;
33049910;NCM 33049910;ESSENCIAL;LC 214/2025 Anexo VIII;2026-01-01;
33049990;NCM 33049990;ESSENCIAL;LC 214/2025 Anexo VIII;2026-01-01;
33051000;NCM 33051000;ESSENCIAL;LC 214/2025 Anexo VIII;2026-01-01;
33059000;NCM 33059000;ESSENCIAL;LC 214/2025 Anexo VIII;2026-01-01;
33061000;Dentifrícios do código da NCM/SH;ESSENCIAL;LC 214/2025 Anexo VIII;2026-01-01;
33062000;NCM 33062000;ESSENCIAL;LC 214/2025 Anexo VIII;2026-01-01;
33072010;NCM 33072010;ESSENCIAL;LC 214/2025 Anexo VIII;2026-01-01;
33072090;NCM 33072090;ESSENCIAL;LC 214/2025 Anexo VIII;2026-01-01;
33074100;NCM 33074100;ESSENCIAL;LC 214/2025 Anexo VIII;2026-01-01;
33074900;NCM 33074900;ESSENCIAL;LC 214/2025 Anexo VIII;2026-01-01;
33075010;NCM 33075010;ESSENCIAL;LC 214/2025 Anexo VIII;2026-01-01;
34011190;Sabões de toucador classificados no código da NCM/SH;ESSENCIAL;LC 214/2025 Anexo VIII;2026-01-01;
34011900;Sabões em barra classificados no código da NCM/SH;ESSENCIAL;LC 214/2025 Anexo VIII;2026-01-01;
34012010;NCM 34012010;ESSENCIAL;LC 214/2025 Anexo VIII;2026-01-01;
34012090;NCM 34012090;ESSENCIAL;LC 214/2025 Anexo VIII;2026-01-01;
34013000;NCM 34013000;ESSENCIAL;LC 214/2025 Anexo VIII;2026-01-01;
34022000;NCM 34022000;ESSENCIAL;LC 214/2025 Anexo VIII;2026-01-01;
34025000;NCM 34025000;ESSENCIAL;LC 214/2025 Anexo VIII;2026-01-01;
34029011;NCM 34029011;ESSENCIAL;LC 214/2025 Anexo VIII;2026-01-01;
34029012;NCM 34029012;ESSENCIAL;LC 214/2025 Anexo VIII;2026-01-01;
34029019;NCM 34029019;ESSENCIAL;LC 214/2025 Anexo VIII;2026-01-01;
34029029;NCM 34029029;ESSENCIAL;LC 214/2025 Anexo VIII;2026-01-01;
34029031;NCM 34029031;ESSENCIAL;LC 214/2025 Anexo VIII;2026-01-01;
34029039;NCM 34029039;ESSENCIAL;LC 214/2025 Anexo VIII;2026-01-01;
34029090;NCM 34029090;ESSENCIAL;LC 214/2025 Anexo VIII;2026-01-01;
34039900;NCM 34039900;ESSENCIAL;LC 214/2025 Anexo VIII;2026-01-01;
34049001;NCM 34049001;ESSENCIAL;LC 214/2025 Anexo VIII;2026-01-01;
34049011;NCM 34049011;ESSENCIAL;LC 214/2025 Anexo VIII;2026-01-01;
34051000;NCM 34051000;ESSENCIAL;LC 214/2025 Anexo VIII;2026-01-01;
34052000;NCM 34052000;ESSENCIAL;LC 214/2025 Anexo VIII;2026-01-01;
34054000;NCM 34054000;ESSENCIAL;LC 214/2025 Anexo VIII;2026-01-01;
34059011;NCM 34059011;ESSENCIAL;LC 214/2025 Anexo VIII;2026-01-01;
34060000;NCM 34060000;ESSENCIAL;LC 214/2025 Anexo VIII;2026-01-01;
35061010;NCM 35061010;AGRO;LC 214/2025 Anexo IX;2026-01-01;
35061090;NCM 35061090;AGRO;LC 214/2025 Anexo IX;2026-01-01;
35069110;NCM 35069110;AGRO;LC 214/2025 Anexo IX;2026-01-01;
35069120;NCM 35069120;AGRO;LC 214/2025 Anexo IX;2026-01-01;
35069190;NCM 35069190;AGRO;LC 214/2025 Anexo IX;2026-01-01;
35069900;NCM 35069900;AGRO;LC 214/2025 Anexo IX;2026-01-01;
35123301;NCM 35123301;AGRO;LC 214/2025 Anexo IX;2026-01-01;
36049010;NCM 36049010;GERAL;Regra geral (sem tratamento especial mapeado);2026-01-01;
36050000;NCM 36050000;GERAL;Regra geral (sem tratamento especial mapeado);2026-01-01;
36258912;NCM 36258912;GERAL;Regra geral (sem tratamento especial mapeado);2026-01-01;
38082019;NCM 38082019;ESSENCIAL;LC 214/2025 Anexo VIII;2026-01-01;
38089119;NCM 38089119;ESSENCIAL;LC 214/2025 Anexo VIII;2026-01-01;
38089199;NCM 38089199;ESSENCIAL;LC 214/2025 Anexo VIII;2026-01-01;
38089411;NCM 38089411;ESSENCIAL;LC 214/2025 Anexo VIII;2026-01-01;
38089419;Água sanitária classificada no código da NCM/SH;ESSENCIAL;LC 214/2025 Anexo VIII;2026-01-01;
38089429;NCM 38089429;ESSENCIAL;LC 214/2025 Anexo VIII;2026-01-01;
38089919;NCM 38089919;ESSENCIAL;LC 214/2025 Anexo VIII;2026-01-01;
38089996;NCM 38089996;ESSENCIAL;LC 214/2025 Anexo VIII;2026-01-01;
38089999;NCM 38089999;ESSENCIAL;LC 214/2025 Anexo VIII;2026-01-01;
38099190;NCM 38099190;ESSENCIAL;LC 214/2025 Anexo VIII;2026-01-01;
38109000;NCM 38109000;ESSENCIAL;LC 214/2025 Anexo VIII;2026-01-01;
38140020;NCM 38140020;ESSENCIAL;LC 214/2025 Anexo VIII;2026-01-01;
38140090;NCM 38140090;ESSENCIAL;LC 214/2025 Anexo VIII;2026-01-01;
38151900;NCM 38151900;ESSENCIAL;LC 214/2025 Anexo VIII;2026-01-01;
38244000;NCM 38244000;ESSENCIAL;LC 214/2025 Anexo VIII;2026-01-01;
38245000;NCM 38245000;ESSENCIAL;LC 214/2025 Anexo VIII;2026-01-01;
38249029;NCM 38249029;ESSENCIAL;LC 214/2025 Anexo VIII;2026-01-01;
38249932;NCM 38249932;ESSENCIAL;LC 214/2025 Anexo VIII;2026-01-01;
38249941;NCM 38249941;ESSENCIAL;LC 214/2025 Anexo VIII;2026-01-01;
38276300;NCM 38276300;ESSENCIAL;LC 214/2025 Anexo VIII;2026-01-01;
39042200;NCM 39042200;GERAL;Regra geral (sem tratamento especial mapeado);2026-01-01;
39075090;NCM 39075090;GERAL;Regra geral (sem tratamento especial mapeado);2026-01-01;
39095019;NCM 39095019;GERAL;Regra geral (sem tratamento especial mapeado);2026-01-01;
39162000;NCM 39162000;GERAL;Regra geral (sem tratamento especial mapeado);2026-01-01;
39169010;NCM 39169010;GERAL;Regra geral (sem tratamento especial mapeado);2026-01-01;
39169090;NCM 39169090;GERAL;Regra geral (sem tratamento especial mapeado);2026-01-01;
39170000;NCM 39170000;GERAL;Regra geral (sem tratamento especial mapeado);2026-01-01;
39172300;NCM 39172300;GERAL;Regra geral (sem tratamento especial mapeado);2026-01-01;
39172900;NCM 39172900;GERAL;Regra geral (sem tratamento especial mapeado);2026-01-01;
39173100;NCM 39173100;GERAL;Regra geral (sem tratamento especial mapeado);2026-01-01;
39173290;NCM 39173290;GERAL;Regra geral (sem tratamento especial mapeado);2026-01-01;
39173300;NCM 39173300;GERAL;Regra geral (sem tratamento especial mapeado);2026-01-01;
39173900;NCM 39173900;GERAL;Regra geral (sem tratamento especial mapeado);2026-01-01;
39174090;NCM 39174090;GERAL;Regra geral (sem tratamento especial mapeado);2026-01-01;
39191000;NCM 39191000;GERAL;Regra geral (sem tratamento especial mapeado);2026-01-01;
39191010;NCM 39191010;GERAL;Regra geral (sem tratamento especial mapeado);2026-01-01;
39191020;NCM 39191020;GERAL;Regra geral (sem tratamento especial mapeado);2026-01-01;
39191090;NCM 39191090;GERAL;Regra geral (sem tratamento especial mapeado);2026-01-01;
39199010;NCM 39199010;GERAL;Regra geral (sem tratamento especial mapeado);2026-01-01;
39201010;NCM 39201010;GERAL;Regra geral (sem tratamento especial mapeado);2026-01-01;
39201099;NCM 39201099;GERAL;Regra geral (sem tratamento especial mapeado);2026-01-01;
39204390;NCM 39204390;GERAL;Regra geral (sem tratamento especial mapeado);2026-01-01;
39209990;NCM 39209990;GERAL;Regra geral (sem tratamento especial mapeado);2026-01-01;
39211390;NCM 39211390;GERAL;Regra geral (sem tratamento especial mapeado);2026-01-01;
39222000;NCM 39222000;GERAL;Regra geral (sem tratamento especial mapeado);2026-01-01;
39229000;NCM 39229000;GERAL;Regra geral (sem tratamento especial mapeado);2026-01-01;
39231090;NCM 39231090;GERAL;Regra geral (sem tratamento especial mapeado);2026-01-01;
39232110;NCM 39232110;GERAL;Regra geral (sem tratamento especial mapeado);2026-01-01;
39232190;NCM 39232190;GERAL;Regra geral (sem tratamento especial mapeado);2026-01-01;
39232910;NCM 39232910;GERAL;Regra geral (sem tratamento especial mapeado);2026-01-01;
39233090;NCM 39233090;GERAL;Regra geral (sem tratamento especial mapeado);2026-01-01;
39239000;NCM 39239000;GERAL;Regra geral (sem tratamento especial mapeado);2026-01-01;
39239090;NCM 39239090;GERAL;Regra geral (sem tratamento especial mapeado);2026-01-01;
39240000;NCM 39240000;GERAL;Regra geral (sem tratamento especial mapeado);2026-01-01;
39241000;NCM 39241000;GERAL;Regra geral (sem tratamento especial mapeado);2026-01-01;
39249000;NCM 39249000;GERAL;Regra geral (sem tratamento especial mapeado);2026-01-01;
39251000;NCM 39251000;GERAL;Regra geral (sem tratamento especial mapeado);2026-01-01;
39259090;NCM 39259090;GERAL;Regra geral (sem tratamento especial mapeado);2026-01-01;
39262000;NCM 39262000;GERAL;Regra geral (sem tratamento especial mapeado);2026-01-01;
39263000;NCM 39263000;GERAL;Regra geral (sem tratamento especial mapeado);2026-01-01;
39269040;NCM 39269040;GERAL;Regra geral (sem tratamento especial mapeado);2026-01-01;
39269090;NCM 39269090;GERAL;Regra geral (sem tratamento especial mapeado);2026-01-01;
39293090;NCM 39293090;GERAL;Regra geral (sem tratamento especial mapeado);2026-01-01;
40011000;NCM 40011000;GERAL;Regra geral (sem tratamento especial mapeado);2026-01-01;
40059190;NCM 40059190;GERAL;Regra geral (sem tratamento especial mapeado);2026-01-01;
40069000;NCM 40069000;GERAL;Regra geral (sem tratamento especial mapeado);2026-01-01;
40091100;NCM 40091100;GERAL;Regra geral (sem tratamento especial mapeado);2026-01-01;
40092210;NCM 40092210;GERAL;Regra geral (sem tratamento especial mapeado);2026-01-01;
40119090;NCM 40119090;GERAL;Regra geral (sem tratamento especial mapeado);2026-01-01;
40149090;NCM 40149090;GERAL;Regra geral (sem tratamento especial mapeado);2026-01-01;
40151200;NCM 40151200;GERAL;Regra geral (sem tratamento especial mapeado);2026-01-01;
40151900;NCM 40151900;GERAL;Regra geral (sem tratamento especial mapeado);2026-01-01;
40159000;NCM 40159000;GERAL;Regra geral (sem tratamento especial mapeado);2026-01-01;
40161010;NCM 40161010;GERAL;Regra geral (sem tratamento especial mapeado);2026-01-01;
40169100;NCM 40169100;GERAL;Regra geral (sem tratamento especial mapeado);2026-01-01;
40169200;NCM 40169200;GERAL;Regra geral (sem tratamento especial mapeado);2026-01-01;
40169300;NCM 40169300;GERAL;Regra geral (sem tratamento especial mapeado);2026-01-01;
42010010;NCM 42010010;GERAL;Regra geral (sem tratamento especial mapeado);2026-01-01;
42032900;NCM 42032900;GERAL;Regra geral (sem tratamento especial mapeado);2026-01-01;
44029000;"Calcário, casca de coco triturada, turfa; tortas, bagaços e demais resíduos e desperdícios vegetais das indústrias alimentares; cascas, serragens e demais resíduos e desperdícios de madeira; resíduos da indústria de celulose (dregs e grits), ossos, borra de carnaúba, cinzas, resíduos agroindustriais orgânicos, DL-Metionina e seus análogos, vermiculita e argilas expandidas, palhas e cascas de produtos vegetais, fibra de coco e outras fibras vegetais, silicatos de potássio ou de magnésio, resinas e oleorresinas naturais, sucos e extratos vegetais, aminoácidos e microrganismos mortos, óleos essenciais, argilas e terras, carvão vegetal e pastas mecânicas de madeira; todos destinados diretamente à fabricação de biofertilizantes, fertilizantes, corretivos de solo (inclusive condicionadores), remineralizadores, substratos para plantas, bioestimulantes ou biodefensivos para controle fitossanitário ou utilizados diretamente como biofertilizantes, fertilizantes, corretivos de solo (inclusive condicionadores), remineralizadores, substratos para plantas, bioestimulantes ou biodefensivos para controle fitossanitário; em conformidade com as definições e demais requisitos da legislação específica";AGRO;LC 214/2025 Anexo IX;2026-01-01;
44072990;NCM 44072990;AGRO;LC 214/2025 Anexo IX;2026-01-01;
44079990;NCM 44079990;AGRO;LC 214/2025 Anexo IX;2026-01-01;
44111490;NCM 44111490;AGRO;LC 214/2025 Anexo IX;2026-01-01;
44123100;NCM 44123100;AGRO;LC 214/2025 Anexo IX;2026-01-01;
44123400;NCM 44123400;AGRO;LC 214/2025 Anexo IX;2026-01-01;
44129900;NCM 44129900;AGRO;LC 214/2025 Anexo IX;2026-01-01;
44130000;NCM 44130000;AGRO;LC 214/2025 Anexo IX;2026-01-01;
44152000;NCM 44152000;AGRO;LC 214/2025 Anexo IX;2026-01-01;
44160090;NCM 44160090;AGRO;LC 214/2025 Anexo IX;2026-01-01;
44170090;NCM 44170090;AGRO;LC 214/2025 Anexo IX;2026-01-01;
44189900;NCM 44189900;AGRO;LC 214/2025 Anexo IX;2026-01-01;
44190000;NCM 44190000;AGRO;LC 214/2025 Anexo IX;2026-01-01;
44191100;NCM 44191100;AGRO;LC 214/2025 Anexo IX;2026-01-01;
44219000;NCM 44219000;AGRO;LC 214/2025 Anexo IX;2026-01-01;
44219100;NCM 44219100;AGRO;LC 214/2025 Anexo IX;2026-01-01;
48025892;NCM 48025892;ESSENCIAL;LC 214/2025 Anexo VIII;2026-01-01;
48053000;NCM 48053000;ESSENCIAL;LC 214/2025 Anexo VIII;2026-01-01;
48059100;NCM 48059100;ESSENCIAL;LC 214/2025 Anexo VIII;2026-01-01;
48114110;NCM 48114110;ESSENCIAL;LC 214/2025 Anexo VIII;2026-01-01;
48114190;NCM 48114190;ESSENCIAL;LC 214/2025 Anexo VIII;2026-01-01;
48181000;Papel higiênico do código da NCM/SH;ESSENCIAL;LC 214/2025 Anexo VIII;2026-01-01;
48182000;NCM 48182000;ESSENCIAL;LC 214/2025 Anexo VIII;2026-01-01;
48183000;NCM 48183000;ESSENCIAL;LC 214/2025 Anexo VIII;2026-01-01;
48184090;NCM 48184090;ESSENCIAL;LC 214/2025 Anexo VIII;2026-01-01;
48191000;NCM 48191000;ESSENCIAL;LC 214/2025 Anexo VIII;2026-01-01;
48195000;NCM 48195000;ESSENCIAL;LC 214/2025 Anexo VIII;2026-01-01;
48202000;NCM 48202000;ESSENCIAL;LC 214/2025 Anexo VIII;2026-01-01;
48211000;NCM 48211000;ESSENCIAL;LC 214/2025 Anexo VIII;2026-01-01;
48232099;NCM 48232099;ESSENCIAL;LC 214/2025 Anexo VIII;2026-01-01;
48236000;NCM 48236000;ESSENCIAL;LC 214/2025 Anexo VIII;2026-01-01;
48236900;NCM 48236900;ESSENCIAL;LC 214/2025 Anexo VIII;2026-01-01;
48239099;NCM 48239099;ESSENCIAL;LC 214/2025 Anexo VIII;2026-01-01;
49111010;NCM 49111010;GERAL;Regra geral (sem tratamento especial mapeado);2026-01-01;
51428989;NCM 51428989;GERAL;Regra geral (sem tratamento especial mapeado);2026-01-01;
52029100;NCM 52029100;GERAL;Regra geral (sem tratamento especial mapeado);2026-01-01;
52029900;NCM 52029900;GERAL;Regra geral (sem tratamento especial mapeado);2026-01-01;
52041100;NCM 52041100;GERAL;Regra geral (sem tratamento especial mapeado);2026-01-01;
52483636;NCM 52483636;GERAL;Regra geral (sem tratamento especial mapeado);2026-01-01;
52486226;NCM 52486226;GERAL;Regra geral (sem tratamento especial mapeado);2026-01-01;
52612323;NCM 52612323;GERAL;Regra geral (sem tratamento especial mapeado);2026-01-01;
53013000;NCM 53013000;AGRO;LC 214/2025 Anexo IX;2026-01-01;
54011090;NCM 54011090;GERAL;Regra geral (sem tratamento especial mapeado);2026-01-01;
54082100;NCM 54082100;GERAL;Regra geral (sem tratamento especial mapeado);2026-01-01;
54874747;NCM 54874747;GERAL;Regra geral (sem tratamento especial mapeado);2026-01-01;
55014000;NCM 55014000;GERAL;Regra geral (sem tratamento especial mapeado);2026-01-01;
55095300;NCM 55095300;GERAL;Regra geral (sem tratamento especial mapeado);2026-01-01;
55134100;NCM 55134100;GERAL;Regra geral (sem tratamento especial mapeado);2026-01-01;
56012110;NCM 56012110;GERAL;Regra geral (sem tratamento especial mapeado);2026-01-01;
56012190;NCM 56012190;GERAL;Regra geral (sem tratamento especial mapeado);2026-01-01;
56022100;NCM 56022100;GERAL;Regra geral (sem tratamento especial mapeado);2026-01-01;
56041000;NCM 56041000;GERAL;Regra geral (sem tratamento especial mapeado);2026-01-01;
56049090;NCM 56049090;GERAL;Regra geral (sem tratamento especial mapeado);2026-01-01;
56074900;NCM 56074900;GERAL;Regra geral (sem tratamento especial mapeado);2026-01-01;
56075011;NCM 56075011;GERAL;Regra geral (sem tratamento especial mapeado);2026-01-01;
56079090;NCM 56079090;GERAL;Regra geral (sem tratamento especial mapeado);2026-01-01;
56090090;NCM 56090090;GERAL;Regra geral (sem tratamento especial mapeado);2026-01-01;
56489595;NCM 56489595;GERAL;Regra geral (sem tratamento especial mapeado);2026-01-01;
59061000;NCM 59061000;GERAL;Regra geral (sem tratamento especial mapeado);2026-01-01;
59090000;NCM 59090000;GERAL;Regra geral (sem tratamento especial mapeado);2026-01-01;
59119000;NCM 59119000;GERAL;Regra geral (sem tratamento especial mapeado);2026-01-01;
60012100;NCM 60012100;GERAL;Regra geral (sem tratamento especial mapeado);2026-01-01;
61045200;NCM 61045200;GERAL;Regra geral (sem tratamento especial mapeado);2026-01-01;
61046900;NCM 61046900;GERAL;Regra geral (sem tratamento especial mapeado);2026-01-01;
61121200;NCM 61121200;GERAL;Regra geral (sem tratamento especial mapeado);2026-01-01;
61161000;NCM 61161000;GERAL;Regra geral (sem tratamento especial mapeado);2026-01-01;
61169200;NCM 61169200;GERAL;Regra geral (sem tratamento especial mapeado);2026-01-01;
61169300;NCM 61169300;GERAL;Regra geral (sem tratamento especial mapeado);2026-01-01;
61169900;NCM 61169900;GERAL;Regra geral (sem tratamento especial mapeado);2026-01-01;
61171000;NCM 61171000;GERAL;Regra geral (sem tratamento especial mapeado);2026-01-01;
61178090;NCM 61178090;GERAL;Regra geral (sem tratamento especial mapeado);2026-01-01;
62160000;NCM 62160000;GERAL;Regra geral (sem tratamento especial mapeado);2026-01-01;
63039200;NCM 63039200;GERAL;Regra geral (sem tratamento especial mapeado);2026-01-01;
63053390;NCM 63053390;GERAL;Regra geral (sem tratamento especial mapeado);2026-01-01;
63061200;NCM 63061200;GERAL;Regra geral (sem tratamento especial mapeado);2026-01-01;
63061990;NCM 63061990;GERAL;Regra geral (sem tratamento especial mapeado);2026-01-01;
63071000;NCM 63071000;GERAL;Regra geral (sem tratamento especial mapeado);2026-01-01;
63079010;NCM 63079010;GERAL;Regra geral (sem tratamento especial mapeado);2026-01-01;
63079090;NCM 63079090;GERAL;Regra geral (sem tratamento especial mapeado);2026-01-01;
63080000;NCM 63080000;GERAL;Regra geral (sem tratamento especial mapeado);2026-01-01;
64022000;NCM 64022000;GERAL;Regra geral (sem tratamento especial mapeado);2026-01-01;
64034000;NCM 64034000;GERAL;Regra geral (sem tratamento especial mapeado);2026-01-01;
64039990;NCM 64039990;GERAL;Regra geral (sem tratamento especial mapeado);2026-01-01;
64059000;NCM 64059000;GERAL;Regra geral (sem tratamento especial mapeado);2026-01-01;
66019900;NCM 66019900;GERAL;Regra geral (sem tratamento especial mapeado);2026-01-01;
68042119;NCM 68042119;AGRO;LC 214/2025 Anexo IX;2026-01-01;
68042211;NCM 68042211;AGRO;LC 214/2025 Anexo IX;2026-01-01;
68042219;NCM 68042219;AGRO;LC 214/2025 Anexo IX;2026-01-01;
68042290;NCM 68042290;AGRO;LC 214/2025 Anexo IX;2026-01-01;
68050000;NCM 68050000;AGRO;LC 214/2025 Anexo IX;2026-01-01;
68051000;NCM 68051000;AGRO;LC 214/2025 Anexo IX;2026-01-01;
68052000;NCM 68052000;AGRO;LC 214/2025 Anexo IX;2026-01-01;
68053020;NCM 68053020;AGRO;LC 214/2025 Anexo IX;2026-01-01;
68053090;NCM 68053090;AGRO;LC 214/2025 Anexo IX;2026-01-01;
68071000;NCM 68071000;AGRO;LC 214/2025 Anexo IX;2026-01-01;
68091100;NCM 68091100;AGRO;LC 214/2025 Anexo IX;2026-01-01;
68101900;NCM 68101900;AGRO;LC 214/2025 Anexo IX;2026-01-01;
69072100;NCM 69072100;GERAL;Regra geral (sem tratamento especial mapeado);2026-01-01;
69080000;NCM 69080000;GERAL;Regra geral (sem tratamento especial mapeado);2026-01-01;
69089000;NCM 69089000;GERAL;Regra geral (sem tratamento especial mapeado);2026-01-01;
69109000;NCM 69109000;GERAL;Regra geral (sem tratamento especial mapeado);2026-01-01;
69120000;NCM 69120000;GERAL;Regra geral (sem tratamento especial mapeado);2026-01-01;
69876608;NCM 69876608;GERAL;Regra geral (sem tratamento especial mapeado);2026-01-01;
70091000;NCM 70091000;GERAL;Regra geral (sem tratamento especial mapeado);2026-01-01;
70099100;NCM 70099100;GERAL;Regra geral (sem tratamento especial mapeado);2026-01-01;
70134290;NCM 70134290;GERAL;Regra geral (sem tratamento especial mapeado);2026-01-01;
70161000;NCM 70161000;GERAL;Regra geral (sem tratamento especial mapeado);2026-01-01;
70198000;NCM 70198000;GERAL;Regra geral (sem tratamento especial mapeado);2026-01-01;
70199090;NCM 70199090;GERAL;Regra geral (sem tratamento especial mapeado);2026-01-01;
71069220;NCM 71069220;GERAL;Regra geral (sem tratamento especial mapeado);2026-01-01;
72104910;NCM 72104910;GERAL;Regra geral (sem tratamento especial mapeado);2026-01-01;
72105000;NCM 72105000;GERAL;Regra geral (sem tratamento especial mapeado);2026-01-01;
72142000;NCM 72142000;GERAL;Regra geral (sem tratamento especial mapeado);2026-01-01;
72149100;NCM 72149100;GERAL;Regra geral (sem tratamento especial mapeado);2026-01-01;
72161000;NCM 72161000;GERAL;Regra geral (sem tratamento especial mapeado);2026-01-01;
72162100;NCM 72162100;GERAL;Regra geral (sem tratamento especial mapeado);2026-01-01;
72163100;NCM 72163100;GERAL;Regra geral (sem tratamento especial mapeado);2026-01-01;
72165000;NCM 72165000;GERAL;Regra geral (sem tratamento especial mapeado);2026-01-01;
72166190;NCM 72166190;GERAL;Regra geral (sem tratamento especial mapeado);2026-01-01;
72169100;NCM 72169100;GERAL;Regra geral (sem tratamento especial mapeado);2026-01-01;
72292000;NCM 72292000;GERAL;Regra geral (sem tratamento especial mapeado);2026-01-01;
73030000;NCM 73030000;GERAL;Regra geral (sem tratamento especial mapeado);2026-01-01;
73063000;NCM 73063000;GERAL;Regra geral (sem tratamento especial mapeado);2026-01-01;
73064000;NCM 73064000;GERAL;Regra geral (sem tratamento especial mapeado);2026-01-01;
73066100;NCM 73066100;GERAL;Regra geral (sem tratamento especial mapeado);2026-01-01;
73071910;NCM 73071910;GERAL;Regra geral (sem tratamento especial mapeado);2026-01-01;
73071920;NCM 73071920;GERAL;Regra geral (sem tratamento especial mapeado);2026-01-01;
73071990;NCM 73071990;GERAL;Regra geral (sem tratamento especial mapeado);2026-01-01;
73072200;NCM 73072200;GERAL;Regra geral (sem tratamento especial mapeado);2026-01-01;
73072300;NCM 73072300;GERAL;Regra geral (sem tratamento especial mapeado);2026-01-01;
73072900;NCM 73072900;GERAL;Regra geral (sem tratamento especial mapeado);2026-01-01;
73079200;NCM 73079200;GERAL;Regra geral (sem tratamento especial mapeado);2026-01-01;
73089010;NCM 73089010;GERAL;Regra geral (sem tratamento especial mapeado);2026-01-01;
73089090;NCM 73089090;GERAL;Regra geral (sem tratamento especial mapeado);2026-01-01;
73121090;NCM 73121090;GERAL;Regra geral (sem tratamento especial mapeado);2026-01-01;
73143100;NCM 73143100;GERAL;Regra geral (sem tratamento especial mapeado);2026-01-01;
73143900;NCM 73143900;GERAL;Regra geral (sem tratamento especial mapeado);2026-01-01;
73144100;NCM 73144100;GERAL;Regra geral (sem tratamento especial mapeado);2026-01-01;
73159000;NCM 73159000;GERAL;Regra geral (sem tratamento especial mapeado);2026-01-01;
73170090;NCM 73170090;GERAL;Regra geral (sem tratamento especial mapeado);2026-01-01;
73181200;NCM 73181200;GERAL;Regra geral (sem tratamento especial mapeado);2026-01-01;
73181300;NCM 73181300;GERAL;Regra geral (sem tratamento especial mapeado);2026-01-01;
73181400;NCM 73181400;GERAL;Regra geral (sem tratamento especial mapeado);2026-01-01;
73181500;NCM 73181500;GERAL;Regra geral (sem tratamento especial mapeado);2026-01-01;
73181600;NCM 73181600;GERAL;Regra geral (sem tratamento especial mapeado);2026-01-01;
73181900;NCM 73181900;GERAL;Regra geral (sem tratamento especial mapeado);2026-01-01;
73182100;NCM 73182100;GERAL;Regra geral (sem tratamento especial mapeado);2026-01-01;
73182200;NCM 73182200;GERAL;Regra geral (sem tratamento especial mapeado);2026-01-01;
73182900;NCM 73182900;GERAL;Regra geral (sem tratamento especial mapeado);2026-01-01;
73201000;NCM 73201000;GERAL;Regra geral (sem tratamento especial mapeado);2026-01-01;
73209000;NCM 73209000;GERAL;Regra geral (sem tratamento especial mapeado);2026-01-01;
73218900;NCM 73218900;GERAL;Regra geral (sem tratamento especial mapeado);2026-01-01;
73226909;NCM 73226909;GERAL;Regra geral (sem tratamento especial mapeado);2026-01-01;
73231000;NCM 73231000;GERAL;Regra geral (sem tratamento especial mapeado);2026-01-01;
73239300;NCM 73239300;GERAL;Regra geral (sem tratamento especial mapeado);2026-01-01;
73239400;NCM 73239400;GERAL;Regra geral (sem tratamento especial mapeado);2026-01-01;
73239900;NCM 73239900;GERAL;Regra geral (sem tratamento especial mapeado);2026-01-01;
73241000;NCM 73241000;GERAL;Regra geral (sem tratamento especial mapeado);2026-01-01;
73259990;NCM 73259990;GERAL;Regra geral (sem tratamento especial mapeado);2026-01-01;
73261900;NCM 73261900;GERAL;Regra geral (sem tratamento especial mapeado);2026-01-01;
73269000;NCM 73269000;GERAL;Regra geral (sem tratamento especial mapeado);2026-01-01;
73269090;NCM 73269090;GERAL;Regra geral (sem tratamento especial mapeado);2026-01-01;
74111010;NCM 74111010;GERAL;Regra geral (sem tratamento especial mapeado);2026-01-01;
74122000;NCM 74122000;GERAL;Regra geral (sem tratamento especial mapeado);2026-01-01;
74130000;NCM 74130000;GERAL;Regra geral (sem tratamento especial mapeado);2026-01-01;
74153300;NCM 74153300;GERAL;Regra geral (sem tratamento especial mapeado);2026-01-01;
76041029;NCM 76041029;GERAL;Regra geral (sem tratamento especial mapeado);2026-01-01;
76042100;NCM 76042100;GERAL;Regra geral (sem tratamento especial mapeado);2026-01-01;
76042919;NCM 76042919;GERAL;Regra geral (sem tratamento especial mapeado);2026-01-01;
76061190;NCM 76061190;GERAL;Regra geral (sem tratamento especial mapeado);2026-01-01;
76071110;NCM 76071110;GERAL;Regra geral (sem tratamento especial mapeado);2026-01-01;
76071190;NCM 76071190;GERAL;Regra geral (sem tratamento especial mapeado);2026-01-01;
76071910;NCM 76071910;GERAL;Regra geral (sem tratamento especial mapeado);2026-01-01;
76071990;NCM 76071990;GERAL;Regra geral (sem tratamento especial mapeado);2026-01-01;
76081000;NCM 76081000;GERAL;Regra geral (sem tratamento especial mapeado);2026-01-01;
76090000;NCM 76090000;GERAL;Regra geral (sem tratamento especial mapeado);2026-01-01;
76101000;NCM 76101000;GERAL;Regra geral (sem tratamento especial mapeado);2026-01-01;
76129090;NCM 76129090;GERAL;Regra geral (sem tratamento especial mapeado);2026-01-01;
76151000;NCM 76151000;GERAL;Regra geral (sem tratamento especial mapeado);2026-01-01;
76161000;NCM 76161000;GERAL;Regra geral (sem tratamento especial mapeado);2026-01-01;
76169000;NCM 76169000;GERAL;Regra geral (sem tratamento especial mapeado);2026-01-01;
76169900;NCM 76169900;GERAL;Regra geral (sem tratamento especial mapeado);2026-01-01;
76262000;NCM 76262000;GERAL;Regra geral (sem tratamento especial mapeado);2026-01-01;
78913950;NCM 78913950;GERAL;Regra geral (sem tratamento especial mapeado);2026-01-01;
79070090;NCM 79070090;GERAL;Regra geral (sem tratamento especial mapeado);2026-01-01;
80030000;NCM 80030000;GERAL;Regra geral (sem tratamento especial mapeado);2026-01-01;
82011000;NCM 82011000;GERAL;Regra geral (sem tratamento especial mapeado);2026-01-01;
82013000;NCM 82013000;GERAL;Regra geral (sem tratamento especial mapeado);2026-01-01;
82014000;NCM 82014000;GERAL;Regra geral (sem tratamento especial mapeado);2026-01-01;
82015000;NCM 82015000;GERAL;Regra geral (sem tratamento especial mapeado);2026-01-01;
82016000;NCM 82016000;GERAL;Regra geral (sem tratamento especial mapeado);2026-01-01;
82019000;NCM 82019000;GERAL;Regra geral (sem tratamento especial mapeado);2026-01-01;
82021000;NCM 82021000;GERAL;Regra geral (sem tratamento especial mapeado);2026-01-01;
82023900;NCM 82023900;GERAL;Regra geral (sem tratamento especial mapeado);2026-01-01;
82029990;NCM 82029990;GERAL;Regra geral (sem tratamento especial mapeado);2026-01-01;
82031010;NCM 82031010;GERAL;Regra geral (sem tratamento especial mapeado);2026-01-01;
82032010;NCM 82032010;GERAL;Regra geral (sem tratamento especial mapeado);2026-01-01;
82032090;NCM 82032090;GERAL;Regra geral (sem tratamento especial mapeado);2026-01-01;
82033000;NCM 82033000;GERAL;Regra geral (sem tratamento especial mapeado);2026-01-01;
82041100;NCM 82041100;GERAL;Regra geral (sem tratamento especial mapeado);2026-01-01;
82041200;NCM 82041200;GERAL;Regra geral (sem tratamento especial mapeado);2026-01-01;
82042000;NCM 82042000;GERAL;Regra geral (sem tratamento especial mapeado);2026-01-01;
82051000;NCM 82051000;GERAL;Regra geral (sem tratamento especial mapeado);2026-01-01;
82052000;NCM 82052000;GERAL;Regra geral (sem tratamento especial mapeado);2026-01-01;
82053000;NCM 82053000;GERAL;Regra geral (sem tratamento especial mapeado);2026-01-01;
82054000;NCM 82054000;GERAL;Regra geral (sem tratamento especial mapeado);2026-01-01;
82055100;NCM 82055100;GERAL;Regra geral (sem tratamento especial mapeado);2026-01-01;
82055900;NCM 82055900;GERAL;Regra geral (sem tratamento especial mapeado);2026-01-01;
82057000;NCM 82057000;GERAL;Regra geral (sem tratamento especial mapeado);2026-01-01;
82074010;NCM 82074010;GERAL;Regra geral (sem tratamento especial mapeado);2026-01-01;
82075011;NCM 82075011;GERAL;Regra geral (sem tratamento especial mapeado);2026-01-01;
82079000;NCM 82079000;GERAL;Regra geral (sem tratamento especial mapeado);2026-01-01;
82082000;NCM 82082000;GERAL;Regra geral (sem tratamento especial mapeado);2026-01-01;
82119390;NCM 82119390;GERAL;Regra geral (sem tratamento especial mapeado);2026-01-01;
82119400;NCM 82119400;GERAL;Regra geral (sem tratamento especial mapeado);2026-01-01;
82121020;NCM 82121020;GERAL;Regra geral (sem tratamento especial mapeado);2026-01-01;
82122010;NCM 82122010;GERAL;Regra geral (sem tratamento especial mapeado);2026-01-01;
82130000;NCM 82130000;GERAL;Regra geral (sem tratamento especial mapeado);2026-01-01;
82141000;NCM 82141000;GERAL;Regra geral (sem tratamento especial mapeado);2026-01-01;
82152000;NCM 82152000;GERAL;Regra geral (sem tratamento especial mapeado);2026-01-01;
82159910;NCM 82159910;GERAL;Regra geral (sem tratamento especial mapeado);2026-01-01;
82159990;NCM 82159990;GERAL;Regra geral (sem tratamento especial mapeado);2026-01-01;
82366910;NCM 82366910;GERAL;Regra geral (sem tratamento especial mapeado);2026-01-01;
83011000;NCM 83011000;GERAL;Regra geral (sem tratamento especial mapeado);2026-01-01;
83012000;NCM 83012000;GERAL;Regra geral (sem tratamento especial mapeado);2026-01-01;
83013000;NCM 83013000;GERAL;Regra geral (sem tratamento especial mapeado);2026-01-01;
83014000;NCM 83014000;GERAL;Regra geral (sem tratamento especial mapeado);2026-01-01;
83021000;NCM 83021000;GERAL;Regra geral (sem tratamento especial mapeado);2026-01-01;
83022000;NCM 83022000;GERAL;Regra geral (sem tratamento especial mapeado);2026-01-01;
83024100;NCM 83024100;GERAL;Regra geral (sem tratamento especial mapeado);2026-01-01;
83024200;NCM 83024200;GERAL;Regra geral (sem tratamento especial mapeado);2026-01-01;
83079000;NCM 83079000;GERAL;Regra geral (sem tratamento especial mapeado);2026-01-01;
83082000;NCM 83082000;GERAL;Regra geral (sem tratamento especial mapeado);2026-01-01;
83111000;NCM 83111000;GERAL;Regra geral (sem tratamento especial mapeado);2026-01-01;
83113000;NCM 83113000;GERAL;Regra geral (sem tratamento especial mapeado);2026-01-01;
83595200;NCM 83595200;GERAL;Regra geral (sem tratamento especial mapeado);2026-01-01;
84143011;NCM 84143011;GERAL;Regra geral (sem tratamento especial mapeado);2026-01-01;
84145990;NCM 84145990;GERAL;Regra geral (sem tratamento especial mapeado);2026-01-01;
84212100;NCM 84212100;GERAL;Regra geral (sem tratamento especial mapeado);2026-01-01;
84213100;NCM 84213100;GERAL;Regra geral (sem tratamento especial mapeado);2026-01-01;
84213990;NCM 84213990;GERAL;Regra geral (sem tratamento especial mapeado);2026-01-01;
84242000;NCM 84242000;GERAL;Regra geral (sem tratamento especial mapeado);2026-01-01;
84243090;NCM 84243090;GERAL;Regra geral (sem tratamento especial mapeado);2026-01-01;
84244100;NCM 84244100;GERAL;Regra geral (sem tratamento especial mapeado);2026-01-01;
84248221;NCM 84248221;GERAL;Regra geral (sem tratamento especial mapeado);2026-01-01;
84248990;NCM 84248990;GERAL;Regra geral (sem tratamento especial mapeado);2026-01-01;
84253910;NCM 84253910;GERAL;Regra geral (sem tratamento especial mapeado);2026-01-01;
84339010;NCM 84339010;GERAL;Regra geral (sem tratamento especial mapeado);2026-01-01;
84463040;NCM 84463040;GERAL;Regra geral (sem tratamento especial mapeado);2026-01-01;
84523000;NCM 84523000;GERAL;Regra geral (sem tratamento especial mapeado);2026-01-01;
84632091;NCM 84632091;GERAL;Regra geral (sem tratamento especial mapeado);2026-01-01;
84659310;NCM 84659310;GERAL;Regra geral (sem tratamento especial mapeado);2026-01-01;
84671190;NCM 84671190;GERAL;Regra geral (sem tratamento especial mapeado);2026-01-01;
84672100;NCM 84672100;GERAL;Regra geral (sem tratamento especial mapeado);2026-01-01;
84672200;NCM 84672200;GERAL;Regra geral (sem tratamento especial mapeado);2026-01-01;
84672992;NCM 84672992;GERAL;Regra geral (sem tratamento especial mapeado);2026-01-01;
84672999;NCM 84672999;GERAL;Regra geral (sem tratamento especial mapeado);2026-01-01;
84681000;NCM 84681000;GERAL;Regra geral (sem tratamento especial mapeado);2026-01-01;
84717010;NCM 84717010;GERAL;Regra geral (sem tratamento especial mapeado);2026-01-01;
84729040;NCM 84729040;GERAL;Regra geral (sem tratamento especial mapeado);2026-01-01;
84732100;NCM 84732100;GERAL;Regra geral (sem tratamento especial mapeado);2026-01-01;
84792100;NCM 84792100;GERAL;Regra geral (sem tratamento especial mapeado);2026-01-01;
84811000;NCM 84811000;GERAL;Regra geral (sem tratamento especial mapeado);2026-01-01;
84812090;NCM 84812090;GERAL;Regra geral (sem tratamento especial mapeado);2026-01-01;
84814000;NCM 84814000;GERAL;Regra geral (sem tratamento especial mapeado);2026-01-01;
84818011;NCM 84818011;GERAL;Regra geral (sem tratamento especial mapeado);2026-01-01;
84818019;NCM 84818019;GERAL;Regra geral (sem tratamento especial mapeado);2026-01-01;
84818092;NCM 84818092;GERAL;Regra geral (sem tratamento especial mapeado);2026-01-01;
84818095;NCM 84818095;GERAL;Regra geral (sem tratamento especial mapeado);2026-01-01;
84819010;NCM 84819010;GERAL;Regra geral (sem tratamento especial mapeado);2026-01-01;
84819090;NCM 84819090;GERAL;Regra geral (sem tratamento especial mapeado);2026-01-01;
84821010;NCM 84821010;GERAL;Regra geral (sem tratamento especial mapeado);2026-01-01;
84832000;NCM 84832000;GERAL;Regra geral (sem tratamento especial mapeado);2026-01-01;
84836090;NCM 84836090;GERAL;Regra geral (sem tratamento especial mapeado);2026-01-01;
85041000;NCM 85041000;GERAL;Regra geral (sem tratamento especial mapeado);2026-01-01;
85042100;NCM 85042100;GERAL;Regra geral (sem tratamento especial mapeado);2026-01-01;
85061010;NCM 85061010;GERAL;Regra geral (sem tratamento especial mapeado);2026-01-01;
85061011;NCM 85061011;GERAL;Regra geral (sem tratamento especial mapeado);2026-01-01;
85061019;NCM 85061019;GERAL;Regra geral (sem tratamento especial mapeado);2026-01-01;
85061020;NCM 85061020;GERAL;Regra geral (sem tratamento especial mapeado);2026-01-01;
85061200;NCM 85061200;GERAL;Regra geral (sem tratamento especial mapeado);2026-01-01;
85068090;NCM 85068090;GERAL;Regra geral (sem tratamento especial mapeado);2026-01-01;
85073090;NCM 85073090;GERAL;Regra geral (sem tratamento especial mapeado);2026-01-01;
85113020;NCM 85113020;GERAL;Regra geral (sem tratamento especial mapeado);2026-01-01;
85122023;NCM 85122023;GERAL;Regra geral (sem tratamento especial mapeado);2026-01-01;
85131010;NCM 85131010;GERAL;Regra geral (sem tratamento especial mapeado);2026-01-01;
85151100;NCM 85151100;GERAL;Regra geral (sem tratamento especial mapeado);2026-01-01;
85153900;NCM 85153900;GERAL;Regra geral (sem tratamento especial mapeado);2026-01-01;
85159000;NCM 85159000;GERAL;Regra geral (sem tratamento especial mapeado);2026-01-01;
85161000;NCM 85161000;GERAL;Regra geral (sem tratamento especial mapeado);2026-01-01;
85287200;NCM 85287200;GERAL;Regra geral (sem tratamento especial mapeado);2026-01-01;
85318000;NCM 85318000;GERAL;Regra geral (sem tratamento especial mapeado);2026-01-01;
85319000;NCM 85319000;GERAL;Regra geral (sem tratamento especial mapeado);2026-01-01;
85333910;NCM 85333910;GERAL;Regra geral (sem tratamento especial mapeado);2026-01-01;
85336910;NCM 85336910;GERAL;Regra geral (sem tratamento especial mapeado);2026-01-01;
85354090;NCM 85354090;GERAL;Regra geral (sem tratamento especial mapeado);2026-01-01;
85359000;NCM 85359000;GERAL;Regra geral (sem tratamento especial mapeado);2026-01-01;
85359090;NCM 85359090;GERAL;Regra geral (sem tratamento especial mapeado);2026-01-01;
85361000;NCM 85361000;GERAL;Regra geral (sem tratamento especial mapeado);2026-01-01;
85362000;NCM 85362000;GERAL;Regra geral (sem tratamento especial mapeado);2026-01-01;
85363090;NCM 85363090;GERAL;Regra geral (sem tratamento especial mapeado);2026-01-01;
85364100;NCM 85364100;GERAL;Regra geral (sem tratamento especial mapeado);2026-01-01;
85364900;NCM 85364900;GERAL;Regra geral (sem tratamento especial mapeado);2026-01-01;
85365090;NCM 85365090;GERAL;Regra geral (sem tratamento especial mapeado);2026-01-01;
85365200;NCM 85365200;GERAL;Regra geral (sem tratamento especial mapeado);2026-01-01;
85366100;NCM 85366100;GERAL;Regra geral (sem tratamento especial mapeado);2026-01-01;
85366910;NCM 85366910;GERAL;Regra geral (sem tratamento especial mapeado);2026-01-01;
85366990;NCM 85366990;GERAL;Regra geral (sem tratamento especial mapeado);2026-01-01;
85369040;NCM 85369040;GERAL;Regra geral (sem tratamento especial mapeado);2026-01-01;
85369050;NCM 85369050;GERAL;Regra geral (sem tratamento especial mapeado);2026-01-01;
85369090;NCM 85369090;GERAL;Regra geral (sem tratamento especial mapeado);2026-01-01;
85371019;NCM 85371019;GERAL;Regra geral (sem tratamento especial mapeado);2026-01-01;
85371090;NCM 85371090;GERAL;Regra geral (sem tratamento especial mapeado);2026-01-01;
85381000;NCM 85381000;GERAL;Regra geral (sem tratamento especial mapeado);2026-01-01;
85389090;NCM 85389090;GERAL;Regra geral (sem tratamento especial mapeado);2026-01-01;
85392110;NCM 85392110;GERAL;Regra geral (sem tratamento especial mapeado);2026-01-01;
85392190;NCM 85392190;GERAL;Regra geral (sem tratamento especial mapeado);2026-01-01;
85392200;NCM 85392200;GERAL;Regra geral (sem tratamento especial mapeado);2026-01-01;
85393139;NCM 85393139;GERAL;Regra geral (sem tratamento especial mapeado);2026-01-01;
85393210;NCM 85393210;GERAL;Regra geral (sem tratamento especial mapeado);2026-01-01;
85393230;NCM 85393230;GERAL;Regra geral (sem tratamento especial mapeado);2026-01-01;
85395200;NCM 85395200;GERAL;Regra geral (sem tratamento especial mapeado);2026-01-01;
85437099;NCM 85437099;GERAL;Regra geral (sem tratamento especial mapeado);2026-01-01;
85442000;NCM 85442000;GERAL;Regra geral (sem tratamento especial mapeado);2026-01-01;
85444200;NCM 85444200;GERAL;Regra geral (sem tratamento especial mapeado);2026-01-01;
85444220;NCM 85444220;GERAL;Regra geral (sem tratamento especial mapeado);2026-01-01;
85444900;NCM 85444900;GERAL;Regra geral (sem tratamento especial mapeado);2026-01-01;
85480010;NCM 85480010;GERAL;Regra geral (sem tratamento especial mapeado);2026-01-01;
86073000;NCM 86073000;GERAL;Regra geral (sem tratamento especial mapeado);2026-01-01;
87032100;NCM 87032100;GERAL;Regra geral (sem tratamento especial mapeado);2026-01-01;
87039000;NCM 87039000;GERAL;Regra geral (sem tratamento especial mapeado);2026-01-01;
87083090;NCM 87083090;GERAL;Regra geral (sem tratamento especial mapeado);2026-01-01;
87087010;NCM 87087010;GERAL;Regra geral (sem tratamento especial mapeado);2026-01-01;
87087090;NCM 87087090;GERAL;Regra geral (sem tratamento especial mapeado);2026-01-01;
87088000;NCM 87088000;GERAL;Regra geral (sem tratamento especial mapeado);2026-01-01;
87163900;NCM 87163900;GERAL;Regra geral (sem tratamento especial mapeado);2026-01-01;
87164000;NCM 87164000;GERAL;Regra geral (sem tratamento especial mapeado);2026-01-01;
87168000;NCM 87168000;GERAL;Regra geral (sem tratamento especial mapeado);2026-01-01;
87169010;NCM 87169010;GERAL;Regra geral (sem tratamento especial mapeado);2026-01-01;
87169090;NCM 87169090;GERAL;Regra geral (sem tratamento especial mapeado);2026-01-01;
89070000;NCM 89070000;GERAL;Regra geral (sem tratamento especial mapeado);2026-01-01;
90049020;NCM 90049020;EQUIP_MEDICO;LC 214/2025 Anexo XII;2026-01-01;
90049090;NCM 90049090;EQUIP_MEDICO;LC 214/2025 Anexo XII;2026-01-01;
90153000;NCM 90153000;EQUIP_MEDICO;LC 214/2025 Anexo XII;2026-01-01;
90172000;NCM 90172000;EQUIP_MEDICO;LC 214/2025 Anexo XII;2026-01-01;
90173090;NCM 90173090;EQUIP_MEDICO;LC 214/2025 Anexo XII;2026-01-01;
90178010;NCM 90178010;EQUIP_MEDICO;LC 214/2025 Anexo XII;2026-01-01;
90178090;NCM 90178090;EQUIP_MEDICO;LC 214/2025 Anexo XII;2026-01-01;
90189095;NCM 90189095;EQUIP_MEDICO;LC 214/2025 Anexo XII;2026-01-01;
90200010;NCM 90200010;EQUIP_MEDICO;LC 214/2025 Anexo XII;2026-01-01;
90211010;Artigos e aparelhos ortopédicos;EQUIP_MEDICO;LC 214/2025 Anexo XII;2026-01-01;
90219080;NCM 90219080;EQUIP_MEDICO;LC 214/2025 Anexo XII;2026-01-01;
90261029;NCM 90261029;EQUIP_MEDICO;LC 214/2025 Anexo XII;2026-01-01;
90262010;NCM 90262010;EQUIP_MEDICO;LC 214/2025 Anexo XII;2026-01-01;
90303100;NCM 90303100;EQUIP_MEDICO;LC 214/2025 Anexo XII;2026-01-01;
90318099;NCM 90318099;EQUIP_MEDICO;LC 214/2025 Anexo XII;2026-01-01;
94017900;NCM 94017900;GERAL;Regra geral (sem tratamento especial mapeado);2026-01-01;
94018000;NCM 94018000;GERAL;Regra geral (sem tratamento especial mapeado);2026-01-01;
94037000;NCM 94037000;GERAL;Regra geral (sem tratamento especial mapeado);2026-01-01;
94051093;NCM 94051093;GERAL;Regra geral (sem tratamento especial mapeado);2026-01-01;
94051099;NCM 94051099;GERAL;Regra geral (sem tratamento especial mapeado);2026-01-01;
94051190;NCM 94051190;GERAL;Regra geral (sem tratamento especial mapeado);2026-01-01;
94051990;NCM 94051990;GERAL;Regra geral (sem tratamento especial mapeado);2026-01-01;
94054010;NCM 94054010;GERAL;Regra geral (sem tratamento especial mapeado);2026-01-01;
94054090;NCM 94054090;GERAL;Regra geral (sem tratamento especial mapeado);2026-01-01;
94054100;NCM 94054100;GERAL;Regra geral (sem tratamento especial mapeado);2026-01-01;
95010000;NCM 95010000;GERAL;Regra geral (sem tratamento especial mapeado);2026-01-01;
95030099;NCM 95030099;GERAL;Regra geral (sem tratamento especial mapeado);2026-01-01;
95059000;NCM 95059000;GERAL;Regra geral (sem tratamento especial mapeado);2026-01-01;
95066900;NCM 95066900;GERAL;Regra geral (sem tratamento especial mapeado);2026-01-01;
95079000;NCM 95079000;GERAL;Regra geral (sem tratamento especial mapeado);2026-01-01;
96031000;NCM 96031000;ESSENCIAL;LC 214/2025 Anexo VIII;2026-01-01;
96032100;Escovas de dentes do código da NCM/SH;ESSENCIAL;LC 214/2025 Anexo VIII;2026-01-01;
96033000;NCM 96033000;ESSENCIAL;LC 214/2025 Anexo VIII;2026-01-01;
96034010;NCM 96034010;ESSENCIAL;LC 214/2025 Anexo VIII;2026-01-01;
96034090;NCM 96034090;ESSENCIAL;LC 214/2025 Anexo VIII;2026-01-01;
96035000;NCM 96035000;ESSENCIAL;LC 214/2025 Anexo VIII;2026-01-01;
96039000;NCM 96039000;ESSENCIAL;LC 214/2025 Anexo VIII;2026-01-01;
96040000;NCM 96040000;ESSENCIAL;LC 214/2025 Anexo VIII;2026-01-01;
96081000;NCM 96081000;ESSENCIAL;LC 214/2025 Anexo VIII;2026-01-01;
96082000;NCM 96082000;ESSENCIAL;LC 214/2025 Anexo VIII;2026-01-01;
96091000;NCM 96091000;ESSENCIAL;LC 214/2025 Anexo VIII;2026-01-01;
96131000;NCM 96131000;ESSENCIAL;LC 214/2025 Anexo VIII;2026-01-01;
96140000;NCM 96140000;ESSENCIAL;LC 214/2025 Anexo VIII;2026-01-01;
96151100;NCM 96151100;ESSENCIAL;LC 214/2025 Anexo VIII;2026-01-01;
96170010;NCM 96170010;ESSENCIAL;LC 214/2025 Anexo VIII;2026-01-01;
96170020;NCM 96170020;ESSENCIAL;LC 214/2025 Anexo VIII;2026-01-01;
96190000;Fraldas e artigos higiênicos semelhantes, de qualquer matéria classificadas no código da NCM/SH;ESSENCIAL;LC 214/2025 Anexo VIII;2026-01-01;
